{"cameraMode":{"drawMode":0,"name":"Shaded","section":"Shading Mode"},"sceneLighting":true,"audioPlay":false,"sceneViewState":{"m_AlwaysRefresh":false,"showFog":true,"showSkybox":true,"showFlares":true,"showImageEffects":true,"showParticleSystems":true,"showVisualEffectGraphs":true,"m_FxEnabled":true},"in2DMode":false,"pivot":{"x":0.2958046495914459,"y":4.2680864334106449,"z":2.643522262573242},"rotation":{"x":-0.15223833918571473,"y":0.004651462193578482,"z":-0.0007236109813675284,"w":-0.9883438348770142},"size":12.824951171875,"orthographic":false}