{"cameraMode":{"drawMode":0,"name":"Shaded","section":"Shading Mode"},"sceneLighting":true,"audioPlay":false,"sceneViewState":{"m_AlwaysRefresh":false,"showFog":true,"showSkybox":true,"showFlares":true,"showImageEffects":true,"showParticleSystems":true,"showVisualEffectGraphs":true,"m_FxEnabled":true},"in2DMode":false,"pivot":{"x":-2.640523910522461,"y":0.2546710968017578,"z":0.13194704055786134},"rotation":{"x":-0.20084519684314729,"y":-0.7359209656715393,"z":0.24739614129066468,"w":-0.5974130034446716},"size":7.128216743469238,"orthographic":false}